image,task,model,num_instances,mean_conf,latency_s
1_high_resolution.jpeg,detect_original,yolo11n,0,0.0,0.419
2_low_resolution.jpeg,detect_original,yolo11n,0,0.0,0.125
3_high_light.jpeg,detect_original,yolo11n,1,0.46495935320854187,0.19
4_low_light.jpeg,detect_original,yolo11n,0,0.0,0.157
5_weather_occlusion.jpeg,detect_original,yolo11n,0,0.0,0.197
1_high_resolution.jpg,detect_original,yolo11n,2,0.3695980906486511,0.119
2_low_resolution.jpeg,detect_original,yolo11n,2,0.5234848260879517,0.063
3_high_light.jpg,detect_original,yolo11n,3,0.5677173733711243,0.098
4_low_light.jpg,detect_original,yolo11n,3,0.5480722784996033,0.102
5_weather_occlusion.jpg,detect_original,yolo11n,0,0.0,0.114
1_high_resolution.jpg,detect_original,yolo11n,1,0.4923868775367737,0.145
2_low_resolution.jpg,detect_original,yolo11n,1,0.9143917560577393,0.071
3_high_light.jpg,detect_original,yolo11n,1,0.7720335721969604,0.084
4_low_light.jpg,detect_original,yolo11n,2,0.44178059697151184,0.077
5_Weather_occulsion.jpg,detect_original,yolo11n,0,0.0,0.076
1_high_resolution.jpg,detect_original,yolo11n,2,0.5616313219070435,0.066
2_low_resolution.jpg,detect_original,yolo11n,1,0.5231310129165649,0.096
3_high_light.jpg,detect_original,yolo11n,0,0.0,0.079
4_low_light.jpg,detect_original,yolo11n,3,0.618788480758667,0.075
5_Weather_Occulsion.jpg,detect_original,yolo11n,0,0.0,0.094
1_high_resolution.jpg,detect_original,yolo11n,2,0.3849286437034607,0.103
2_low_resolution.jpg,detect_original,yolo11n,0,0.0,0.093
3_High_light.jpg,detect_original,yolo11n,1,0.8545882105827332,0.1
4_low_light.jpg,detect_original,yolo11n,1,0.701511025428772,0.098
5_Weather_occulsion.jpg,detect_original,yolo11n,0,0.0,0.096
1_high_resolution.jpeg,detect_original,yolo11s,3,0.37847700715065,0.318
2_low_resolution.jpeg,detect_original,yolo11s,0,0.0,0.158
3_high_light.jpeg,detect_original,yolo11s,1,0.29213643074035645,0.216
4_low_light.jpeg,detect_original,yolo11s,0,0.0,0.202
5_weather_occlusion.jpeg,detect_original,yolo11s,0,0.0,0.234
1_high_resolution.jpg,detect_original,yolo11s,1,0.7424682378768921,0.16
2_low_resolution.jpeg,detect_original,yolo11s,3,0.6379426121711731,0.109
3_high_light.jpg,detect_original,yolo11s,4,0.4235785901546478,0.156
4_low_light.jpg,detect_original,yolo11s,2,0.6044209599494934,0.159
5_weather_occlusion.jpg,detect_original,yolo11s,0,0.0,0.172
1_high_resolution.jpg,detect_original,yolo11s,1,0.5436822175979614,0.194
2_low_resolution.jpg,detect_original,yolo11s,2,0.758454442024231,0.122
3_high_light.jpg,detect_original,yolo11s,3,0.5078102350234985,0.131
4_low_light.jpg,detect_original,yolo11s,1,0.5273829698562622,0.125
5_Weather_occulsion.jpg,detect_original,yolo11s,0,0.0,0.122
1_high_resolution.jpg,detect_original,yolo11s,2,0.7965216040611267,0.109
2_low_resolution.jpg,detect_original,yolo11s,1,0.39523592591285706,0.168
3_high_light.jpg,detect_original,yolo11s,1,0.29524314403533936,0.13
4_low_light.jpg,detect_original,yolo11s,2,0.5587731599807739,0.127
5_Weather_Occulsion.jpg,detect_original,yolo11s,0,0.0,0.146
1_high_resolution.jpg,detect_original,yolo11s,2,0.42095160484313965,0.148
2_low_resolution.jpg,detect_original,yolo11s,0,0.0,0.137
3_High_light.jpg,detect_original,yolo11s,2,0.7166658639907837,0.144
4_low_light.jpg,detect_original,yolo11s,1,0.8811485171318054,0.141
5_Weather_occulsion.jpg,detect_original,yolo11s,0,0.0,0.151
phone1_iPhone15Plus_1_high_resolution_median.jpg,detect_median,yolo11n,0,0.0,0.186
phone1_iPhone15Plus_2_low_resolution_median.jpg,detect_median,yolo11n,0,0.0,0.119
phone1_iPhone15Plus_3_high_light_median.jpg,detect_median,yolo11n,1,0.38539445400238037,0.151
phone1_iPhone15Plus_4_low_light_median.jpg,detect_median,yolo11n,0,0.0,0.136
phone1_iPhone15Plus_5_weather_occlusion_median.jpg,detect_median,yolo11n,0,0.0,0.15
phone2_SamsungS21fe_1_high_resolution_median.jpg,detect_median,yolo11n,2,0.3137702941894531,0.13
phone2_SamsungS21fe_2_low_resolution_median.jpg,detect_median,yolo11n,3,0.5503533482551575,0.078
phone2_SamsungS21fe_3_high_light_median.jpg,detect_median,yolo11n,3,0.5281031131744385,0.097
phone2_SamsungS21fe_4_low_light_median.jpg,detect_median,yolo11n,2,0.6357246041297913,0.098
phone2_SamsungS21fe_5_weather_occlusion_median.jpg,detect_median,yolo11n,0,0.0,0.112
phone3_OnePlus6T_1_high_resolution_median.jpg,detect_median,yolo11n,1,0.4654568135738373,0.125
phone3_OnePlus6T_2_low_resolution_median.jpg,detect_median,yolo11n,1,0.6998250484466553,0.087
phone3_OnePlus6T_3_high_light_median.jpg,detect_median,yolo11n,2,0.5450791120529175,0.093
phone3_OnePlus6T_4_low_light_median.jpg,detect_median,yolo11n,2,0.43517714738845825,0.092
phone3_OnePlus6T_5_Weather_occulsion_median.jpg,detect_median,yolo11n,0,0.0,0.096
phone4_SamsungGalaxyA34_1_high_resolution_median.jpg,detect_median,yolo11n,1,0.7727071046829224,0.094
phone4_SamsungGalaxyA34_2_low_resolution_median.jpg,detect_median,yolo11n,1,0.45029979944229126,0.106
phone4_SamsungGalaxyA34_3_high_light_median.jpg,detect_median,yolo11n,0,0.0,0.096
phone4_SamsungGalaxyA34_4_low_light_median.jpg,detect_median,yolo11n,2,0.7180727124214172,0.089
phone4_SamsungGalaxyA34_5_Weather_Occulsion_median.jpg,detect_median,yolo11n,0,0.0,0.11
phone5_NothingPhone2A_1_high_resolution_median.jpg,detect_median,yolo11n,2,0.40686100721359253,0.114
phone5_NothingPhone2A_2_low_resolution_median.jpg,detect_median,yolo11n,0,0.0,0.106
phone5_NothingPhone2A_3_High_light_median.jpg,detect_median,yolo11n,1,0.859306275844574,0.108
phone5_NothingPhone2A_4_low_light_median.jpg,detect_median,yolo11n,1,0.6686345934867859,0.105
phone5_NothingPhone2A_5_Weather_occulsion_median.jpg,detect_median,yolo11n,0,0.0,0.115
phone1_iPhone15Plus_1_high_resolution_median.jpg,detect_median,yolo11s,1,0.42126286029815674,0.232
phone1_iPhone15Plus_2_low_resolution_median.jpg,detect_median,yolo11s,0,0.0,0.146
phone1_iPhone15Plus_3_high_light_median.jpg,detect_median,yolo11s,1,0.25317928194999695,0.163
phone1_iPhone15Plus_4_low_light_median.jpg,detect_median,yolo11s,0,0.0,0.157
phone1_iPhone15Plus_5_weather_occlusion_median.jpg,detect_median,yolo11s,0,0.0,0.169
phone2_SamsungS21fe_1_high_resolution_median.jpg,detect_median,yolo11s,1,0.8183389902114868,0.134
phone2_SamsungS21fe_2_low_resolution_median.jpg,detect_median,yolo11s,8,0.4341917932033539,0.12
phone2_SamsungS21fe_3_high_light_median.jpg,detect_median,yolo11s,3,0.45857515931129456,0.125
phone2_SamsungS21fe_4_low_light_median.jpg,detect_median,yolo11s,1,0.9527519941329956,0.117
phone2_SamsungS21fe_5_weather_occlusion_median.jpg,detect_median,yolo11s,0,0.0,0.139
phone3_OnePlus6T_1_high_resolution_median.jpg,detect_median,yolo11s,1,0.304856538772583,0.161
phone3_OnePlus6T_2_low_resolution_median.jpg,detect_median,yolo11s,2,0.5991295576095581,0.121
phone3_OnePlus6T_3_high_light_median.jpg,detect_median,yolo11s,1,0.7878943085670471,0.125
phone3_OnePlus6T_4_low_light_median.jpg,detect_median,yolo11s,1,0.520481526851654,0.129
phone3_OnePlus6T_5_Weather_occulsion_median.jpg,detect_median,yolo11s,0,0.0,0.128
phone4_SamsungGalaxyA34_1_high_resolution_median.jpg,detect_median,yolo11s,3,0.5364068746566772,0.105
phone4_SamsungGalaxyA34_2_low_resolution_median.jpg,detect_median,yolo11s,1,0.5798688530921936,0.177
phone4_SamsungGalaxyA34_3_high_light_median.jpg,detect_median,yolo11s,1,0.3060548007488251,0.123
phone4_SamsungGalaxyA34_4_low_light_median.jpg,detect_median,yolo11s,2,0.6484107375144958,0.121
phone4_SamsungGalaxyA34_5_Weather_Occulsion_median.jpg,detect_median,yolo11s,0,0.0,0.146
phone5_NothingPhone2A_1_high_resolution_median.jpg,detect_median,yolo11s,2,0.4347265958786011,0.153
phone5_NothingPhone2A_2_low_resolution_median.jpg,detect_median,yolo11s,0,0.0,0.135
phone5_NothingPhone2A_3_High_light_median.jpg,detect_median,yolo11s,2,0.7429594397544861,0.139
phone5_NothingPhone2A_4_low_light_median.jpg,detect_median,yolo11s,1,0.8926295042037964,0.134
phone5_NothingPhone2A_5_Weather_occulsion_median.jpg,detect_median,yolo11s,0,0.0,0.154
phone1_iPhone15Plus_1_high_resolution_gaussian.jpg,detect_gaussian,yolo11n,0,0.0,0.174
phone1_iPhone15Plus_2_low_resolution_gaussian.jpg,detect_gaussian,yolo11n,0,0.0,0.094
phone1_iPhone15Plus_3_high_light_gaussian.jpg,detect_gaussian,yolo11n,1,0.3005072772502899,0.125
phone1_iPhone15Plus_4_low_light_gaussian.jpg,detect_gaussian,yolo11n,0,0.0,0.128
phone1_iPhone15Plus_5_weather_occlusion_gaussian.jpg,detect_gaussian,yolo11n,0,0.0,0.136
phone2_SamsungS21fe_1_high_resolution_gaussian.jpg,detect_gaussian,yolo11n,2,0.27502191066741943,0.119
phone2_SamsungS21fe_2_low_resolution_gaussian.jpg,detect_gaussian,yolo11n,3,0.5550094246864319,0.077
phone2_SamsungS21fe_3_high_light_gaussian.jpg,detect_gaussian,yolo11n,3,0.5275159478187561,0.099
phone2_SamsungS21fe_4_low_light_gaussian.jpg,detect_gaussian,yolo11n,2,0.6399713158607483,0.099
phone2_SamsungS21fe_5_weather_occlusion_gaussian.jpg,detect_gaussian,yolo11n,0,0.0,0.114
phone3_OnePlus6T_1_high_resolution_gaussian.jpg,detect_gaussian,yolo11n,1,0.5135537385940552,0.147
phone3_OnePlus6T_2_low_resolution_gaussian.jpg,detect_gaussian,yolo11n,1,0.7792106866836548,0.087
phone3_OnePlus6T_3_high_light_gaussian.jpg,detect_gaussian,yolo11n,2,0.5229203104972839,0.095
phone3_OnePlus6T_4_low_light_gaussian.jpg,detect_gaussian,yolo11n,2,0.6270171403884888,0.097
phone3_OnePlus6T_5_Weather_occulsion_gaussian.jpg,detect_gaussian,yolo11n,0,0.0,0.099
phone4_SamsungGalaxyA34_1_high_resolution_gaussian.jpg,detect_gaussian,yolo11n,1,0.7986500263214111,0.092
phone4_SamsungGalaxyA34_2_low_resolution_gaussian.jpg,detect_gaussian,yolo11n,1,0.3254113793373108,0.13
phone4_SamsungGalaxyA34_3_high_light_gaussian.jpg,detect_gaussian,yolo11n,0,0.0,0.083
phone4_SamsungGalaxyA34_4_low_light_gaussian.jpg,detect_gaussian,yolo11n,2,0.7177186012268066,0.095
phone4_SamsungGalaxyA34_5_Weather_Occulsion_gaussian.jpg,detect_gaussian,yolo11n,0,0.0,0.114
phone5_NothingPhone2A_1_high_resolution_gaussian.jpg,detect_gaussian,yolo11n,2,0.3874032497406006,0.121
phone5_NothingPhone2A_2_low_resolution_gaussian.jpg,detect_gaussian,yolo11n,0,0.0,0.107
phone5_NothingPhone2A_3_High_light_gaussian.jpg,detect_gaussian,yolo11n,1,0.8626618981361389,0.107
phone5_NothingPhone2A_4_low_light_gaussian.jpg,detect_gaussian,yolo11n,1,0.6545538902282715,0.112
phone5_NothingPhone2A_5_Weather_occulsion_gaussian.jpg,detect_gaussian,yolo11n,0,0.0,0.119
phone1_iPhone15Plus_1_high_resolution_gaussian.jpg,detect_gaussian,yolo11s,2,0.3331449627876282,0.234
phone1_iPhone15Plus_2_low_resolution_gaussian.jpg,detect_gaussian,yolo11s,0,0.0,0.126
phone1_iPhone15Plus_3_high_light_gaussian.jpg,detect_gaussian,yolo11s,1,0.27319589257240295,0.161
phone1_iPhone15Plus_4_low_light_gaussian.jpg,detect_gaussian,yolo11s,0,0.0,0.157
phone1_iPhone15Plus_5_weather_occlusion_gaussian.jpg,detect_gaussian,yolo11s,0,0.0,0.164
phone2_SamsungS21fe_1_high_resolution_gaussian.jpg,detect_gaussian,yolo11s,1,0.8397949934005737,0.137
phone2_SamsungS21fe_2_low_resolution_gaussian.jpg,detect_gaussian,yolo11s,9,0.43594586849212646,0.103
phone2_SamsungS21fe_3_high_light_gaussian.jpg,detect_gaussian,yolo11s,3,0.45270732045173645,0.127
phone2_SamsungS21fe_4_low_light_gaussian.jpg,detect_gaussian,yolo11s,1,0.9512336254119873,0.122
phone2_SamsungS21fe_5_weather_occlusion_gaussian.jpg,detect_gaussian,yolo11s,0,0.0,0.138
phone3_OnePlus6T_1_high_resolution_gaussian.jpg,detect_gaussian,yolo11s,2,0.2915814518928528,0.158
phone3_OnePlus6T_2_low_resolution_gaussian.jpg,detect_gaussian,yolo11s,2,0.5755635499954224,0.122
phone3_OnePlus6T_3_high_light_gaussian.jpg,detect_gaussian,yolo11s,1,0.7813276052474976,0.124
phone3_OnePlus6T_4_low_light_gaussian.jpg,detect_gaussian,yolo11s,2,0.5802292823791504,0.127
phone3_OnePlus6T_5_Weather_occulsion_gaussian.jpg,detect_gaussian,yolo11s,0,0.0,0.138
phone4_SamsungGalaxyA34_1_high_resolution_gaussian.jpg,detect_gaussian,yolo11s,3,0.6957243084907532,0.136
phone4_SamsungGalaxyA34_2_low_resolution_gaussian.jpg,detect_gaussian,yolo11s,1,0.33353760838508606,0.16
phone4_SamsungGalaxyA34_3_high_light_gaussian.jpg,detect_gaussian,yolo11s,0,0.0,0.128
phone4_SamsungGalaxyA34_4_low_light_gaussian.jpg,detect_gaussian,yolo11s,2,0.6296697854995728,0.115
phone4_SamsungGalaxyA34_5_Weather_Occulsion_gaussian.jpg,detect_gaussian,yolo11s,0,0.0,0.137
phone5_NothingPhone2A_1_high_resolution_gaussian.jpg,detect_gaussian,yolo11s,2,0.4442042112350464,0.142
phone5_NothingPhone2A_2_low_resolution_gaussian.jpg,detect_gaussian,yolo11s,0,0.0,0.13
phone5_NothingPhone2A_3_High_light_gaussian.jpg,detect_gaussian,yolo11s,2,0.7924041748046875,0.131
phone5_NothingPhone2A_4_low_light_gaussian.jpg,detect_gaussian,yolo11s,1,0.8751893043518066,0.132
phone5_NothingPhone2A_5_Weather_occulsion_gaussian.jpg,detect_gaussian,yolo11s,0,0.0,0.149
1_high_resolution.jpeg,segment_original,yolo11n-seg,1,0.6570786833763123,0.279
2_low_resolution.jpeg,segment_original,yolo11n-seg,0,0.0,0.115
3_high_light.jpeg,segment_original,yolo11n-seg,0,0.0,0.167
4_low_light.jpeg,segment_original,yolo11n-seg,0,0.0,0.167
5_weather_occlusion.jpeg,segment_original,yolo11n-seg,0,0.0,0.199
1_high_resolution.jpg,segment_original,yolo11n-seg,1,0.743249237537384,0.15
2_low_resolution.jpeg,segment_original,yolo11n-seg,2,0.7674719095230103,0.085
3_high_light.jpg,segment_original,yolo11n-seg,3,0.5486840605735779,0.104
4_low_light.jpg,segment_original,yolo11n-seg,2,0.6238070130348206,0.109
5_weather_occlusion.jpg,segment_original,yolo11n-seg,0,0.0,0.114
1_high_resolution.jpg,segment_original,yolo11n-seg,2,0.37392061948776245,0.158
2_low_resolution.jpg,segment_original,yolo11n-seg,2,0.6739243268966675,0.089
3_high_light.jpg,segment_original,yolo11n-seg,1,0.6741608381271362,0.09
4_low_light.jpg,segment_original,yolo11n-seg,1,0.5160180330276489,0.091
5_Weather_occulsion.jpg,segment_original,yolo11n-seg,0,0.0,0.094
1_high_resolution.jpg,segment_original,yolo11n-seg,3,0.5339900851249695,0.08
2_low_resolution.jpg,segment_original,yolo11n-seg,1,0.7189124822616577,0.124
3_high_light.jpg,segment_original,yolo11n-seg,1,0.591962993144989,0.107
4_low_light.jpg,segment_original,yolo11n-seg,3,0.5647792816162109,0.097
5_Weather_Occulsion.jpg,segment_original,yolo11n-seg,0,0.0,0.104
1_high_resolution.jpg,segment_original,yolo11n-seg,2,0.6232916116714478,0.109
2_low_resolution.jpg,segment_original,yolo11n-seg,0,0.0,0.099
3_High_light.jpg,segment_original,yolo11n-seg,2,0.6610220670700073,0.103
4_low_light.jpg,segment_original,yolo11n-seg,1,0.7223140001296997,0.104
5_Weather_occulsion.jpg,segment_original,yolo11n-seg,0,0.0,0.118
phone1_iPhone15Plus_1_high_resolution_median.jpg,segment_median,yolo11n-seg,1,0.7648717761039734,0.169
phone1_iPhone15Plus_2_low_resolution_median.jpg,segment_median,yolo11n-seg,0,0.0,0.093
phone1_iPhone15Plus_3_high_light_median.jpg,segment_median,yolo11n-seg,0,0.0,0.122
phone1_iPhone15Plus_4_low_light_median.jpg,segment_median,yolo11n-seg,0,0.0,0.115
phone1_iPhone15Plus_5_weather_occlusion_median.jpg,segment_median,yolo11n-seg,0,0.0,0.129
phone2_SamsungS21fe_1_high_resolution_median.jpg,segment_median,yolo11n-seg,1,0.7588739395141602,0.09
phone2_SamsungS21fe_2_low_resolution_median.jpg,segment_median,yolo11n-seg,2,0.837020754814148,0.07
phone2_SamsungS21fe_3_high_light_median.jpg,segment_median,yolo11n-seg,3,0.554865837097168,0.096
phone2_SamsungS21fe_4_low_light_median.jpg,segment_median,yolo11n-seg,2,0.5928249359130859,0.118
phone2_SamsungS21fe_5_weather_occlusion_median.jpg,segment_median,yolo11n-seg,0,0.0,0.103
phone3_OnePlus6T_1_high_resolution_median.jpg,segment_median,yolo11n-seg,2,0.38628122210502625,0.138
phone3_OnePlus6T_2_low_resolution_median.jpg,segment_median,yolo11n-seg,1,0.7848141193389893,0.087
phone3_OnePlus6T_3_high_light_median.jpg,segment_median,yolo11n-seg,1,0.676102340221405,0.085
phone3_OnePlus6T_4_low_light_median.jpg,segment_median,yolo11n-seg,1,0.4696938991546631,0.089
phone3_OnePlus6T_5_Weather_occulsion_median.jpg,segment_median,yolo11n-seg,0,0.0,0.074
phone4_SamsungGalaxyA34_1_high_resolution_median.jpg,segment_median,yolo11n-seg,2,0.5996378660202026,0.081
phone4_SamsungGalaxyA34_2_low_resolution_median.jpg,segment_median,yolo11n-seg,1,0.3791191577911377,0.098
phone4_SamsungGalaxyA34_3_high_light_median.jpg,segment_median,yolo11n-seg,0,0.0,0.085
phone4_SamsungGalaxyA34_4_low_light_median.jpg,segment_median,yolo11n-seg,2,0.6559363603591919,0.082
phone4_SamsungGalaxyA34_5_Weather_Occulsion_median.jpg,segment_median,yolo11n-seg,0,0.0,0.117
phone5_NothingPhone2A_1_high_resolution_median.jpg,segment_median,yolo11n-seg,2,0.6123706698417664,0.127
phone5_NothingPhone2A_2_low_resolution_median.jpg,segment_median,yolo11n-seg,0,0.0,0.116
phone5_NothingPhone2A_3_High_light_median.jpg,segment_median,yolo11n-seg,3,0.5368398427963257,0.119
phone5_NothingPhone2A_4_low_light_median.jpg,segment_median,yolo11n-seg,2,0.4897959530353546,0.14
phone5_NothingPhone2A_5_Weather_occulsion_median.jpg,segment_median,yolo11n-seg,0,0.0,0.125
phone1_iPhone15Plus_1_high_resolution_gaussian.jpg,segment_gaussian,yolo11n-seg,1,0.6881312727928162,0.204
phone1_iPhone15Plus_2_low_resolution_gaussian.jpg,segment_gaussian,yolo11n-seg,0,0.0,0.107
phone1_iPhone15Plus_3_high_light_gaussian.jpg,segment_gaussian,yolo11n-seg,0,0.0,0.144
phone1_iPhone15Plus_4_low_light_gaussian.jpg,segment_gaussian,yolo11n-seg,0,0.0,0.142
phone1_iPhone15Plus_5_weather_occlusion_gaussian.jpg,segment_gaussian,yolo11n-seg,0,0.0,0.15
phone2_SamsungS21fe_1_high_resolution_gaussian.jpg,segment_gaussian,yolo11n-seg,1,0.7730609178543091,0.109
phone2_SamsungS21fe_2_low_resolution_gaussian.jpg,segment_gaussian,yolo11n-seg,2,0.8311668634414673,0.087
phone2_SamsungS21fe_3_high_light_gaussian.jpg,segment_gaussian,yolo11n-seg,3,0.5494868159294128,0.105
phone2_SamsungS21fe_4_low_light_gaussian.jpg,segment_gaussian,yolo11n-seg,2,0.5881996154785156,0.106
phone2_SamsungS21fe_5_weather_occlusion_gaussian.jpg,segment_gaussian,yolo11n-seg,0,0.0,0.125
phone3_OnePlus6T_1_high_resolution_gaussian.jpg,segment_gaussian,yolo11n-seg,2,0.4258718490600586,0.141
phone3_OnePlus6T_2_low_resolution_gaussian.jpg,segment_gaussian,yolo11n-seg,1,0.6361259818077087,0.112
phone3_OnePlus6T_3_high_light_gaussian.jpg,segment_gaussian,yolo11n-seg,2,0.47287577390670776,0.111
phone3_OnePlus6T_4_low_light_gaussian.jpg,segment_gaussian,yolo11n-seg,2,0.45754295587539673,0.12
phone3_OnePlus6T_5_Weather_occulsion_gaussian.jpg,segment_gaussian,yolo11n-seg,0,0.0,0.108
phone4_SamsungGalaxyA34_1_high_resolution_gaussian.jpg,segment_gaussian,yolo11n-seg,3,0.4992847740650177,0.111
phone4_SamsungGalaxyA34_2_low_resolution_gaussian.jpg,segment_gaussian,yolo11n-seg,1,0.4041539132595062,0.139
phone4_SamsungGalaxyA34_3_high_light_gaussian.jpg,segment_gaussian,yolo11n-seg,1,0.327363520860672,0.114
phone4_SamsungGalaxyA34_4_low_light_gaussian.jpg,segment_gaussian,yolo11n-seg,2,0.6246646642684937,0.113
phone4_SamsungGalaxyA34_5_Weather_Occulsion_gaussian.jpg,segment_gaussian,yolo11n-seg,0,0.0,0.132
phone5_NothingPhone2A_1_high_resolution_gaussian.jpg,segment_gaussian,yolo11n-seg,2,0.6047984957695007,0.133
phone5_NothingPhone2A_2_low_resolution_gaussian.jpg,segment_gaussian,yolo11n-seg,0,0.0,0.121
phone5_NothingPhone2A_3_High_light_gaussian.jpg,segment_gaussian,yolo11n-seg,2,0.6775285005569458,0.122
phone5_NothingPhone2A_4_low_light_gaussian.jpg,segment_gaussian,yolo11n-seg,2,0.5104279518127441,0.123
phone5_NothingPhone2A_5_Weather_occulsion_gaussian.jpg,segment_gaussian,yolo11n-seg,0,0.0,0.11
1_high_resolution.jpeg,pose_original,yolo11n-pose,0,0.0,0.23
2_low_resolution.jpeg,pose_original,yolo11n-pose,0,0.0,0.096
3_high_light.jpeg,pose_original,yolo11n-pose,0,0.0,0.158
4_low_light.jpeg,pose_original,yolo11n-pose,0,0.0,0.147
5_weather_occlusion.jpeg,pose_original,yolo11n-pose,1,0.30541864037513733,0.184
1_high_resolution.jpg,pose_original,yolo11n-pose,1,0.351138174533844,0.107
2_low_resolution.jpeg,pose_original,yolo11n-pose,4,0.30716902017593384,0.067
3_high_light.jpg,pose_original,yolo11n-pose,0,0.0,0.102
4_low_light.jpg,pose_original,yolo11n-pose,2,0.6697009801864624,0.105
5_weather_occlusion.jpg,pose_original,yolo11n-pose,0,0.0,0.115
1_high_resolution.jpg,pose_original,yolo11n-pose,1,0.7073125243186951,0.135
2_low_resolution.jpg,pose_original,yolo11n-pose,0,0.0,0.075
3_high_light.jpg,pose_original,yolo11n-pose,0,0.0,0.086
4_low_light.jpg,pose_original,yolo11n-pose,0,0.0,0.077
5_Weather_occulsion.jpg,pose_original,yolo11n-pose,0,0.0,0.076
1_high_resolution.jpg,pose_original,yolo11n-pose,1,0.8888400793075562,0.075
2_low_resolution.jpg,pose_original,yolo11n-pose,0,0.0,0.091
3_high_light.jpg,pose_original,yolo11n-pose,0,0.0,0.079
4_low_light.jpg,pose_original,yolo11n-pose,0,0.0,0.083
5_Weather_Occulsion.jpg,pose_original,yolo11n-pose,0,0.0,0.098
1_high_resolution.jpg,pose_original,yolo11n-pose,0,0.0,0.105
2_low_resolution.jpg,pose_original,yolo11n-pose,0,0.0,0.091
3_High_light.jpg,pose_original,yolo11n-pose,1,0.33888059854507446,0.106
4_low_light.jpg,pose_original,yolo11n-pose,0,0.0,0.125
5_Weather_occulsion.jpg,pose_original,yolo11n-pose,0,0.0,0.098
phone1_iPhone15Plus_1_high_resolution_median.jpg,pose_median,yolo11n-pose,0,0.0,0.15
phone1_iPhone15Plus_2_low_resolution_median.jpg,pose_median,yolo11n-pose,0,0.0,0.082
phone1_iPhone15Plus_3_high_light_median.jpg,pose_median,yolo11n-pose,0,0.0,0.114
phone1_iPhone15Plus_4_low_light_median.jpg,pose_median,yolo11n-pose,0,0.0,0.11
phone1_iPhone15Plus_5_weather_occlusion_median.jpg,pose_median,yolo11n-pose,0,0.0,0.136
phone2_SamsungS21fe_1_high_resolution_median.jpg,pose_median,yolo11n-pose,1,0.4296491742134094,0.087
phone2_SamsungS21fe_2_low_resolution_median.jpg,pose_median,yolo11n-pose,3,0.4336455762386322,0.069
phone2_SamsungS21fe_3_high_light_median.jpg,pose_median,yolo11n-pose,0,0.0,0.083
phone2_SamsungS21fe_4_low_light_median.jpg,pose_median,yolo11n-pose,2,0.6754053831100464,0.085
phone2_SamsungS21fe_5_weather_occlusion_median.jpg,pose_median,yolo11n-pose,0,0.0,0.101
phone3_OnePlus6T_1_high_resolution_median.jpg,pose_median,yolo11n-pose,1,0.7038464546203613,0.114
phone3_OnePlus6T_2_low_resolution_median.jpg,pose_median,yolo11n-pose,2,0.4367421269416809,0.074
phone3_OnePlus6T_3_high_light_median.jpg,pose_median,yolo11n-pose,0,0.0,0.073
phone3_OnePlus6T_4_low_light_median.jpg,pose_median,yolo11n-pose,0,0.0,0.089
phone3_OnePlus6T_5_Weather_occulsion_median.jpg,pose_median,yolo11n-pose,0,0.0,0.071
phone4_SamsungGalaxyA34_1_high_resolution_median.jpg,pose_median,yolo11n-pose,1,0.887353777885437,0.077
phone4_SamsungGalaxyA34_2_low_resolution_median.jpg,pose_median,yolo11n-pose,0,0.0,0.094
phone4_SamsungGalaxyA34_3_high_light_median.jpg,pose_median,yolo11n-pose,1,0.3201793432235718,0.091
phone4_SamsungGalaxyA34_4_low_light_median.jpg,pose_median,yolo11n-pose,0,0.0,0.099
phone4_SamsungGalaxyA34_5_Weather_Occulsion_median.jpg,pose_median,yolo11n-pose,0,0.0,0.156
phone5_NothingPhone2A_1_high_resolution_median.jpg,pose_median,yolo11n-pose,0,0.0,0.143
phone5_NothingPhone2A_2_low_resolution_median.jpg,pose_median,yolo11n-pose,0,0.0,0.133
phone5_NothingPhone2A_3_High_light_median.jpg,pose_median,yolo11n-pose,1,0.33958786725997925,0.141
phone5_NothingPhone2A_4_low_light_median.jpg,pose_median,yolo11n-pose,0,0.0,0.121
phone5_NothingPhone2A_5_Weather_occulsion_median.jpg,pose_median,yolo11n-pose,0,0.0,0.111
phone1_iPhone15Plus_1_high_resolution_gaussian.jpg,pose_gaussian,yolo11n-pose,0,0.0,0.228
phone1_iPhone15Plus_2_low_resolution_gaussian.jpg,pose_gaussian,yolo11n-pose,0,0.0,0.161
phone1_iPhone15Plus_3_high_light_gaussian.jpg,pose_gaussian,yolo11n-pose,0,0.0,0.207
phone1_iPhone15Plus_4_low_light_gaussian.jpg,pose_gaussian,yolo11n-pose,0,0.0,0.197
phone1_iPhone15Plus_5_weather_occlusion_gaussian.jpg,pose_gaussian,yolo11n-pose,1,0.2533082365989685,0.212
phone2_SamsungS21fe_1_high_resolution_gaussian.jpg,pose_gaussian,yolo11n-pose,1,0.4380827844142914,0.164
phone2_SamsungS21fe_2_low_resolution_gaussian.jpg,pose_gaussian,yolo11n-pose,3,0.39109575748443604,0.135
phone2_SamsungS21fe_3_high_light_gaussian.jpg,pose_gaussian,yolo11n-pose,0,0.0,0.161
phone2_SamsungS21fe_4_low_light_gaussian.jpg,pose_gaussian,yolo11n-pose,2,0.6728373765945435,0.133
phone2_SamsungS21fe_5_weather_occlusion_gaussian.jpg,pose_gaussian,yolo11n-pose,0,0.0,0.14
phone3_OnePlus6T_1_high_resolution_gaussian.jpg,pose_gaussian,yolo11n-pose,1,0.7078388333320618,0.137
phone3_OnePlus6T_2_low_resolution_gaussian.jpg,pose_gaussian,yolo11n-pose,1,0.4953581988811493,0.093
phone3_OnePlus6T_3_high_light_gaussian.jpg,pose_gaussian,yolo11n-pose,0,0.0,0.095
phone3_OnePlus6T_4_low_light_gaussian.jpg,pose_gaussian,yolo11n-pose,0,0.0,0.1
phone3_OnePlus6T_5_Weather_occulsion_gaussian.jpg,pose_gaussian,yolo11n-pose,0,0.0,0.09
phone4_SamsungGalaxyA34_1_high_resolution_gaussian.jpg,pose_gaussian,yolo11n-pose,1,0.8860885500907898,0.099
phone4_SamsungGalaxyA34_2_low_resolution_gaussian.jpg,pose_gaussian,yolo11n-pose,1,0.39331620931625366,0.119
phone4_SamsungGalaxyA34_3_high_light_gaussian.jpg,pose_gaussian,yolo11n-pose,0,0.0,0.101
phone4_SamsungGalaxyA34_4_low_light_gaussian.jpg,pose_gaussian,yolo11n-pose,1,0.2551296651363373,0.103
phone4_SamsungGalaxyA34_5_Weather_Occulsion_gaussian.jpg,pose_gaussian,yolo11n-pose,0,0.0,0.116
phone5_NothingPhone2A_1_high_resolution_gaussian.jpg,pose_gaussian,yolo11n-pose,0,0.0,0.125
phone5_NothingPhone2A_2_low_resolution_gaussian.jpg,pose_gaussian,yolo11n-pose,0,0.0,0.146
phone5_NothingPhone2A_3_High_light_gaussian.jpg,pose_gaussian,yolo11n-pose,1,0.3382182717323303,0.125
phone5_NothingPhone2A_4_low_light_gaussian.jpg,pose_gaussian,yolo11n-pose,0,0.0,0.116
phone5_NothingPhone2A_5_Weather_occulsion_gaussian.jpg,pose_gaussian,yolo11n-pose,0,0.0,0.106
